Title,Channel,Category,Duration (s),Views,Likes,Comments,Published At,URL,Type
Pedestrian dies after being hit by driver in North Portland,"KPTV FOX 12 | Local news, weather Portland, Oregon",News & Politics,18.0,40851,68,10,2025-04-22T12:35:40Z,https://youtu.be/vOU1hmjoHX0,Short
Zombies 4: Dawn of the Vampires | Teaser Trailer | Disney+,Disney Plus,People & Blogs,36.0,2732173,14141,1156,2025-04-22T15:00:02Z,https://youtu.be/cW8xz2edXSE,Short
Watch the Destiny 2: The Edge of Fate Reveal on May 6 at 9 AM PT.,Destiny 2,Gaming,16.0,257596,8425,1028,2025-04-22T15:01:12Z,https://youtu.be/k4utXKvOpYM,Short
Delta plane suffers engine fire in Florida forcing evacuation,NBC 6 South Florida,News & Politics,30.0,96735,176,49,2025-04-21T17:19:25Z,https://youtu.be/_hjqc5i9tg4,Short
Weapons | Teaser,Warner Bros.,Film & Animation,45.0,1155218,32209,2914,2025-04-21T16:00:34Z,https://youtu.be/I3qtHlROEuc,Short
"Effective Immediately | General Hospital Promo (April 21st, 2025)",General Hospital,Entertainment,16.0,100133,635,199,2025-04-21T11:00:04Z,https://youtu.be/1fFtABe6Mtw,Short
Monster Hunter Wilds ‚Äì Festival of Accord: Blossomdance | Spring Seasonal Event,Monster Hunter,Gaming,57.0,247757,10010,732,2025-04-22T01:00:25Z,https://youtu.be/-F33ACcPbhU,Short
The Last of Us Season 2 | Episode 3 Preview | Max,Max,Entertainment,54.0,1280117,22533,2388,2025-04-21T02:15:30Z,https://youtu.be/S63tPF006fI,Short
Fortnite Galactic Battle Teaser Trailer,Fortnite,People & Blogs,35.0,1656452,60439,5739,2025-04-20T02:27:10Z,https://youtu.be/RKZPMyAvEXs,Short
"1 dead, 1 hospitalized after three-vehicle crash in Aloha","KPTV FOX 12 | Local news, weather Portland, Oregon",News & Politics,25.0,107504,139,23,2025-04-16T19:47:51Z,https://youtu.be/Y6IA60uI6hQ,Short
Predator: Badlands | Teaser Trailer,20th Century Studios,Film & Animation,72.0,6404153,83984,11955,2025-04-23T16:01:20Z,https://youtu.be/oFkbsEKaoSE,Regular
The Summer I Turned Pretty Season 3 - Official Teaser | Prime Video,Prime Video,Entertainment,66.0,364304,23616,1727,2025-04-24T15:01:40Z,https://youtu.be/yr7NbcCPYjk,Regular
Chuckyy - My World (Official Music Video),Chuckyy ,People & Blogs,184.0,498320,52307,4107,2025-04-23T21:00:07Z,https://youtu.be/4BQZ-YgVGsk,Regular
Wednesday: Season 2 | Official Teaser Trailer | Netflix,Netflix,Entertainment,139.0,5104051,238779,11480,2025-04-23T13:00:00Z,https://youtu.be/uQx8jKiIDTI,Regular
'ALARMING' üö® Stephen A. is APPALLED by Shedeur Sanders' draft stock falling to No. 29 üò¨ | First Take,NFL on ESPN,Sports,1076.0,166143,2744,1739,2025-04-24T15:36:24Z,https://youtu.be/bZwg2U7FsGQ,Regular
Lorde - What Was That,Lorde,Music,209.0,727231,92176,7881,2025-04-24T04:00:05Z,https://youtu.be/1UpoZpMBM9Y,Regular
Madden 26 & College Football 26 Announce Trailer | The Call,EA SPORTS MADDEN NFL,Gaming,148.0,105242,7654,865,2025-04-24T14:55:12Z,https://youtu.be/EIp9SMjNH1w,Regular
Elder Scrolls Oblivion Remastered - Before You Buy,gameranx,Gaming,1012.0,1424660,51111,8608,2025-04-23T19:50:09Z,https://youtu.be/r3nG5qSRw64,Regular
Gruden‚Äôs QB Class | Jaxson Dart,Barstool Sports,Comedy,3575.0,185090,5512,832,2025-04-23T23:00:08Z,https://youtu.be/wBWjKgRB6Z0,Regular
Meet The Queens Of All Stars 10 üèÜ RuPaul‚Äôs Drag Race All Stars,RuPaul's Drag Race,Entertainment,2198.0,838582,34537,6005,2025-04-23T16:00:06Z,https://youtu.be/T4Jaddk2_1w,Regular
24 Hours Out: Sanders Family Pre NFL Draft,Well Off Media,Sports,734.0,234439,13623,1305,2025-04-24T03:44:40Z,https://youtu.be/-qsph3lFyNU,Regular
The Elder Scrolls IV: Oblivion Remastered - Official Trailer,Bethesda Softworks,Gaming,136.0,2920399,132311,16401,2025-04-22T15:15:03Z,https://youtu.be/wFJ3PZuAjK4,Regular
Daniel Jeremiah's FINAL 2025 1st Round Mock Draft,NFL,Sports,2843.0,103176,2449,451,2025-04-24T12:00:12Z,https://youtu.be/6yOPJ7Om3M0,Regular
Kyle Larson crashes during Indy 500 Open Test | INDYCAR,NTT INDYCAR SERIES,Sports,108.0,60549,717,154,2025-04-24T14:49:06Z,https://youtu.be/TpGGmfZqsfA,Regular
Grupo Frontera: Tiny Desk Concert,NPR Music,Music,1217.0,233070,18766,1302,2025-04-24T09:01:22Z,https://youtu.be/yi0PiY1i3XU,Regular
10 NEW Costco Deals You NEED To Buy in April 2025,The Deal Guy,Science & Technology,1041.0,523097,32473,623,2025-04-23T14:31:57Z,https://youtu.be/KZxoBj4wcvA,Regular
Loving Mother & Herd Do All They Can to Save Baby Buffalo from Lions,Latest Sightings,Pets & Animals,156.0,1277922,10198,1792,2025-04-22T14:01:37Z,https://youtu.be/XTCB0zJLmIg,Regular
"This CASE Excavator has NO POWER, How Bad Can It Be?",Diesel Creek,Autos & Vehicles,3255.0,380601,49863,1572,2025-04-23T17:03:50Z,https://youtu.be/-qP7_ipHd4I,Regular
$30K vs $100K Custom 350Z: 5-Year Update,Donut,Autos & Vehicles,1404.0,161973,8819,603,2025-04-24T15:01:15Z,https://youtu.be/ka5_ZBEt3wc,Regular
Ghost of Y≈çtei - The Onry≈ç‚Äôs List | PS5 Games,PlayStation,Gaming,180.0,1469788,113121,8131,2025-04-23T12:00:57Z,https://youtu.be/PVBLJYjSAhg,Regular
"Let‚Äôs talk: Therapy, GLP1 & The Truth About My recent Weight Loss",Janelle Rohner,People & Blogs,322.0,79987,1535,387,2025-04-23T22:22:00Z,https://youtu.be/pNkHFpqnsjs,Regular
"#6 TIMBERWOLVES at #3 LAKERS | FULL GAME 2 HIGHLGHTS | April 22, 2025",NBA,Sports,732.0,3042652,35708,5256,2025-04-23T04:49:47Z,https://youtu.be/UmAMgBIwGtM,Regular
The Elder Scrolls IV: Oblivion Remastered - Full Reveal Stream,Bethesda Softworks,Gaming,5040.0,2673067,130947,5800,2025-04-22T16:20:19Z,https://youtu.be/Ed_E2crglcw,Regular
The Hardware Diet,Killdozer,Comedy,1523.0,543465,36992,3276,2025-04-23T15:09:17Z,https://youtu.be/TdKLdRHr9rQ,Regular
The Elder Scrolls IV: Oblivion Remastered - Official Reveal,Bethesda Softworks,Gaming,1157.0,2215751,107969,16699,2025-04-22T15:19:22Z,https://youtu.be/kk5cymSWmqo,Regular
Montana 700 - Robert Horry [Official Video],MONTANA 700,Music,178.0,75087,4017,164,2025-04-23T20:00:27Z,https://youtu.be/lBI1vB-UUPA,Regular
Pee-wee as Himself | Official Trailer | HBO,HBO,Entertainment,144.0,202224,4468,333,2025-04-23T15:00:29Z,https://youtu.be/jVx74C-RGDw,Regular
Dayseeker - Pale Moonlight,DayseekerVEVO,Music,220.0,105864,10450,786,2025-04-23T22:00:28Z,https://youtu.be/k95oDnsCu_8,Regular
We went to Coachella!,Jake Webber,Entertainment,1934.0,668403,34890,2271,2025-04-22T17:57:09Z,https://youtu.be/F54_B5vyxvY,Regular
10 ESSENTIAL Tips For Oblivion Remastered!,Ziostorm,Gaming,603.0,104354,3050,360,2025-04-23T16:44:46Z,https://youtu.be/owi2pdiHNdQ,Regular
INTER-MILAN 0-3 | HIGHLIGHTS | Two-Goal Jovic The Hero For Milan | Coppa Italia Frecciarossa 2024/25,Serie A,Sports,152.0,2702213,47840,1988,2025-04-23T21:26:02Z,https://youtu.be/Lolgz_uw6wQ,Regular
BABY DADDY COOK OFF !! (INTENSE),Angel. G,People & Blogs,2021.0,78683,2984,141,2025-04-23T23:00:23Z,https://youtu.be/WzPHuc1M1Gg,Regular
Subnautica 2 Dev Vlog - Road to Early Access,Subnautica,Gaming,112.0,444623,45561,6671,2025-04-23T16:00:09Z,https://youtu.be/i8oqrucfXQo,Regular
"If You Build It, I'll Destroy It in Wobbly Life!",UnspeakablePlays,Gaming,1027.0,150280,4782,446,2025-04-23T20:00:36Z,https://youtu.be/lY3MIsmE8mQ,Regular
Heads of State - Official Trailer | Prime Video,Prime Video,Entertainment,167.0,1195625,23508,1737,2025-04-23T14:00:08Z,https://youtu.be/8J646zM7UM8,Regular
Unc Tried to Bully Me!,Baylen Levine,Entertainment,1244.0,351353,14294,788,2025-04-23T01:36:21Z,https://youtu.be/U7NL0gpPLbo,Regular
"I Prepaid $20,000 of Groceries, Then Let People Shop For Free",ThatWasEpic,Comedy,613.0,381450,42597,2452,2025-04-23T23:09:43Z,https://youtu.be/PgSLcisNIPg,Regular
"Minecraft, But ALL Damage Is PERMANENT",WadZee,Gaming,1856.0,496430,40362,5699,2025-04-23T16:01:09Z,https://youtu.be/hUCUIcLuxd8,Regular
Tiger Woods and Nelly Korda: How To Score From Inside 100 Yards,TaylorMade Golf,Sports,940.0,398158,9013,496,2025-04-23T13:45:46Z,https://youtu.be/MtVWAPCwB38,Regular
Ranking The SPICIEST Fast Food (Taste Test),Good Mythical Morning,Entertainment,1029.0,1007551,29280,859,2025-04-23T10:00:27Z,https://youtu.be/Ga67qLve5ko,Regular
i bought every ai ad i saw for a week,BENOFTHEWEEK,Gaming,1163.0,879700,53072,4219,2025-04-22T18:36:40Z,https://youtu.be/cHKwNuQ2vYE,Regular
GROWING UP IN ROBLOX!,Foltyn,Gaming,1336.0,813217,18318,3713,2025-04-23T13:27:07Z,https://youtu.be/ycB1G6r4df8,Regular
Sinners Movie Explained (SPOILERS),Thomas Thorogood,Entertainment,1040.0,128964,4805,706,2025-04-22T22:37:54Z,https://youtu.be/s0GDWq4lQrY,Regular
"MCLAREN ASKED TO SEE MY ¬£1,200,000 P1 I BOUGHT",Mark McCann,Autos & Vehicles,1688.0,892820,35443,5845,2025-04-23T17:01:17Z,https://youtu.be/tx1FHTZiuAY,Regular
How the Trucking Industry Got So Terrible,Wendover Productions,Education,1211.0,996149,27750,2407,2025-04-22T17:34:13Z,https://youtu.be/yIZRffLA294,Regular
Your Time Machine Broke - At The Worst Time In History,Kurzgesagt ‚Äì In a Nutshell,Education,693.0,2693973,120516,6220,2025-04-22T14:00:01Z,https://youtu.be/NYNBAxDfgrY,Regular
Oblivion Remastered is UNBELIEVABLY Perfect,Kevduit,Gaming,1459.0,713488,33365,3135,2025-04-22T22:52:49Z,https://youtu.be/YgOyoGKq4Ys,Regular
I tried the 'Elder Scrolls IV: Oblivion' Remaster...,Luke Stephens,Gaming,1032.0,718073,20423,4103,2025-04-22T23:10:07Z,https://youtu.be/azLcyJnxGYw,Regular
Can We Beat Josh Allen & Jon Rahm in a Golf Match?,Grant Horvat Golf,Sports,3896.0,1554530,58582,5216,2025-04-21T16:00:01Z,https://youtu.be/ArV1zSpoUFo,Regular
THANK GOD IT WAS BROKEN  - Elder Scrolls OBLIVION Is A Perfectly Balanced Game With NO EXPLOITS,The Spiffing Brit,Gaming,2510.0,1639536,64943,2957,2025-04-22T15:26:02Z,https://youtu.be/sxTlJD6w5IQ,Regular
Ghost - Peacefield (Official Audio),Ghost,Entertainment,287.0,592121,47556,3843,2025-04-22T16:00:08Z,https://youtu.be/hBmF8_JDvmQ,Regular
DOES IT SUCK? - Elder Scrolls IV: Oblivion Remastered Review/Impressions! (PS5 Pro/Xbox),DreamcastGuy,Gaming,594.0,281749,5576,1831,2025-04-22T18:08:20Z,https://youtu.be/62h96m-vhY8,Regular
Elder Scrolls Oblivion Remastered Review - Before & After!,Glitch Unlimited,Gaming,604.0,161050,1990,745,2025-04-22T19:20:58Z,https://youtu.be/k2JvPVyYsoQ,Regular
The All-American Rejects - Sandbox (Official Music Video),AllAmericanRjctsVEVO,Music,144.0,29741,2597,392,2025-04-24T04:00:07Z,https://youtu.be/Rz7aq1mRHW0,Regular
The Trial of Luka Donƒçiƒá | Jordan Brand,Jordan,People & Blogs,455.0,2608048,40801,2684,2025-04-22T14:00:21Z,https://youtu.be/Rzvat8VBlo8,Regular
Israel Adesanya and David Goggins Chat Before Their BRUTAL Training Session,FREESTYLEBENDER,Sports,857.0,793585,30945,1991,2025-04-22T19:48:02Z,https://youtu.be/Jo1MWNxayFA,Regular
games that COMPLETELY break roblox,Sketch,Gaming,562.0,290744,8816,868,2025-04-22T22:15:00Z,https://youtu.be/0t93yjb-B3w,Regular
Aria Bela - Pilates (Official Video),Aria Bela,People & Blogs,167.0,833285,78383,15582,2025-04-23T02:36:08Z,https://youtu.be/aHYvmY3nV5U,Regular
Elder Scrolls IV: Oblivion Remastered - The Early Reviews Say It All...,Open World Games,Gaming,1171.0,217412,3884,1747,2025-04-22T21:20:18Z,https://youtu.be/x0dei8L8pJY,Regular
VERDICT: Lori Daybell Learns Her Fate in Cult Mom Conspiracy Trial,COURT TV,News & Politics,1186.0,243722,4780,1452,2025-04-22T23:33:32Z,https://youtu.be/TRfukCZ1UrU,Regular
Rick and Morty | Season 8 Official Trailer | adult swim,Adult Swim,Film & Animation,96.0,1212569,35935,2235,2025-04-22T13:01:50Z,https://youtu.be/ySYnTO7leqI,Regular
Jarahn - Kik Osem Kava (Audio),Jarahn,Music,232.0,72290,1471,255,2025-04-10T12:00:31Z,https://youtu.be/wPbadzxMrXs,Regular
"Carrie Underwood Praises with ""How Great Thou Art!"" | American Idol",American Idol,Entertainment,221.0,1597625,23111,4609,2025-04-21T03:00:17Z,https://youtu.be/ND35iZhfO5c,Regular
The IMPOSSIBLE Camera,CaseyNeistat,People & Blogs,642.0,834877,48210,2354,2025-04-22T12:21:40Z,https://youtu.be/Ud2BcD5NC2A,Regular
"It‚Äôs Our Birthday, Let‚Äôs Party",YouTube,Entertainment,62.0,4486947,199186,39511,2025-04-22T10:00:40Z,https://youtu.be/OIuG1bBkfs0,Regular
Visionz2turnt- Embers (Directed by Wesley Crutcher),Visionz2turnt,Music,184.0,88374,11286,121,2025-04-06T03:23:41Z,https://youtu.be/YLywGZDF4Qo,Regular
skibidi toilet 78,DaFuq!?Boom!,Entertainment,853.0,17463169,867684,151470,2025-04-21T04:00:10Z,https://youtu.be/HoS7mffQ2YQ,Regular
Who could replace Pope Francis? Experts explain what could happen next,NBC Chicago,Entertainment,538.0,654696,6420,2990,2025-04-21T19:57:00Z,https://youtu.be/cIwx8-M7Apc,Regular
Cleetus Gets a Talladega Masterclass from Dale Jr.,Dale Earnhardt Jr.'s Dirty Mo Media,Sports,1571.0,394247,25449,1680,2025-04-21T22:21:28Z,https://youtu.be/AQJCJ64YgrY,Regular
Squad is IN DANGER! üò≥ #SquadVsMonsters,Squad Busters,Gaming,120.0,329947,14496,922,2025-04-22T11:01:14Z,https://youtu.be/x-spEnJJSeQ,Regular
Manchester City v. Aston Villa | PREMIER LEAGUE HIGHLIGHTS | 4/22/2025 | NBC Sports,NBC Sports,Sports,796.0,551728,6169,398,2025-04-22T21:56:38Z,https://youtu.be/IaSS4GZW87M,Regular
Cardinal Dolan on significance of Pope Francis dying after Easter,TODAY,News & Politics,441.0,545439,8188,1626,2025-04-21T16:03:12Z,https://youtu.be/9aeP6MfCRgM,Regular
"Original Movies in 2025: Oops, All Flops!",RedLetterMedia,Entertainment,3061.0,888461,35298,6933,2025-04-21T14:28:56Z,https://youtu.be/I0Jwv40MkiY,Regular
I Opened 1000 SUSHI ROLLS in Brawl Stars.. here's what happened!,BenTimm1,Gaming,1677.0,774147,10719,792,2025-04-21T15:01:58Z,https://youtu.be/xk6GOSLVh7M,Regular
LISA - Rapunzel (Kiki Solo Version) (Live Performance Video),LLOUD Official,Music,143.0,2514991,327652,15926,2025-04-22T02:00:03Z,https://youtu.be/myPFzhQEghE,Regular
"After Pope Francis, what happens next? | ABC NEWS",ABC News (Australia),News & Politics,756.0,452233,4580,0,2025-04-21T09:30:33Z,https://youtu.be/kG2A1xFWTKc,Regular
Possible candidates to become Pope have already been discussed | 9 News Australia,9 News Australia,News & Politics,249.0,952759,7440,3598,2025-04-21T09:59:46Z,https://youtu.be/0jzVYoBUAoo,Regular
"The Last Of Us - Well, They Really Did It",The Critical Drinker,Entertainment,439.0,1648719,79803,10531,2025-04-21T17:00:15Z,https://youtu.be/7US7_rtOkJY,Regular
Morgan Wallen - I‚Äôm The Problem (The Shop Sessions),MorganWallenVEVO,Music,183.0,252174,10423,846,2025-04-21T18:00:25Z,https://youtu.be/HwThuMZ80RA,Regular
Major US retailers 'warn President Trump of empty shelves' if tariff policies continue | BBC News,BBC News,News & Politics,104.0,1169363,6078,4069,2025-04-23T22:40:13Z,https://youtu.be/xuxNufDldqo,Regular
The New Mike Tyson? Moses Itauma ‚Äî A Teen Prodigy with Brutal Power!  ...He‚Äôs Just Getting Started!,History of Boxing EN,Sports,758.0,4427395,41403,5690,2025-04-11T23:15:33Z,https://youtu.be/4Q4nDw1D8kg,Regular
24 Hours In DC,Duke Dennis,Entertainment,2353.0,1101969,45350,2175,2025-04-20T22:42:04Z,https://youtu.be/DrAWwpAkOuY,Regular
We Got Engaged,MrsMunchie,Entertainment,1413.0,1084676,54474,3682,2025-04-20T23:46:14Z,https://youtu.be/A8Z-RfLTqd0,Regular
"I SPENT $100,000 AT PORSCHE SO I COULD BEAT A FORMULA 1 DRIVER",Mat Armstrong,Autos & Vehicles,3294.0,3916453,184745,6350,2025-04-20T18:24:40Z,https://youtu.be/DCtDoT7g9Ko,Regular
Update On Willow. She‚Äôs Been Struggling!,Kristi Cates,People & Blogs,316.0,61693,7673,1966,2025-04-21T18:30:08Z,https://youtu.be/yubV23utfEA,Regular
Boeing jet returns to U.S. from China,FOX 13 Seattle,News & Politics,190.0,745115,5848,4382,2025-04-21T15:23:39Z,https://youtu.be/muK5cPIxyLw,Regular
"NHL Highlights | Oilers vs. Kings | Gm 1 | April 21, 2025",NHL,Sports,614.0,323917,3378,957,2025-04-22T05:20:42Z,https://youtu.be/NQN1c3E0JVk,Regular
QUADECA - MONDAY,Quadeca,Music,255.0,144268,18408,1798,2025-04-22T00:11:23Z,https://youtu.be/RDp61U9zTj0,Regular
I Got a Pet Dragon...,Aquarium Info,Pets & Animals,773.0,938397,11791,4075,2025-04-20T14:13:15Z,https://youtu.be/FCVuWcU475c,Regular
The life of Pope Francis and its most important moments | DW Documentary,DW Documentary,Education,1557.0,414904,6324,923,2025-04-21T08:12:29Z,https://youtu.be/tFdcoEXqY7o,Regular
"The April 20, 2025 Severe Weather Coverage, As It Happened...","Ryan Hall, Y'all",News & Politics,27345.0,1135009,26464,667,2025-04-21T03:16:27Z,https://youtu.be/V49VDgGopks,Regular
Brawl Talk: A NEW BRAWLER RARITY?!,Brawl Stars,Gaming,735.0,11548821,437768,59196,2025-04-19T15:00:10Z,https://youtu.be/6D1yFt1Uook,Regular
My Daughter Survives TEN BROTHERS,Jordan Matter,Entertainment,1854.0,8808115,96673,13465,2025-04-19T14:00:07Z,https://youtu.be/XG1wg3ELG9w,Regular
Cunha & Delap DEALS Done? Osimhen BACK On... Man Utd Transfer News,The United Stand,Sports,3287.0,166034,4209,320,2025-04-24T09:59:31Z,https://youtu.be/TQCDzFu2FlQ,Regular
"$1 vs $25,000 Build Challenge",MrBeast Gaming,Gaming,1246.0,13387020,388853,7968,2025-04-19T16:00:01Z,https://youtu.be/2C6omXxIcyE,Regular
I Tried The Worlds Most Expensive Cheese,Joshua Weissman,Howto & Style,1042.0,990003,33035,1015,2025-04-20T14:30:08Z,https://youtu.be/Hju_pkIqa28,Regular
DRAGON BALL: Sparking! ZERO - DAIMA Character Pack 1 Trailer,Bandai Namco Entertainment America,Gaming,123.0,158009,8811,2349,2025-04-21T14:02:03Z,https://youtu.be/Ut2y8gAv3aY,Regular
Why would Peeps‚Ñ¢ do this?,The Grumps,Comedy,864.0,432439,26351,1124,2025-04-21T16:00:06Z,https://youtu.be/3XyDEMolFAU,Regular
Steph Joined the Inside Guys After a Game 1 Win in Houston üçø | NBA on TNT,NBA on TNT,Sports,1000.0,689987,9634,2308,2025-04-21T04:53:53Z,https://youtu.be/crql6mBGs4Y,Regular
Jimmy Butler III Recaps Warriors Game 1 Win Over Rockets,Golden State Warriors,Sports,454.0,184373,3108,372,2025-04-21T05:37:06Z,https://youtu.be/X1X0__K3hhA,Regular
What Verstappen Said About Piastri's Driving,Driver61,Autos & Vehicles,717.0,201192,6429,726,2025-04-23T15:46:16Z,https://youtu.be/cx90r2O6Dcw,Regular
"#7 WARRIORS at #2 ROCKETS | FULL GAME 1 HIGHLIGHTS | April 20, 2025",NBA,Sports,742.0,2752978,32941,2962,2025-04-21T04:13:46Z,https://youtu.be/rMZknDqC-Ho,Regular
I did redstone for the Minecraft Movie,Mumbo Jumbo,Film & Animation,517.0,3998162,187163,3254,2025-04-19T19:00:24Z,https://youtu.be/GTAGFUy25J4,Regular
Ash Again / Gawr Gura x Casey Edwards,Gawr Gura Ch. hololive-EN,Gaming,299.0,3051903,315820,24479,2025-04-20T00:45:44Z,https://youtu.be/twUFbqyul_M,Regular
"NHL Highlights | Senators vs. Maple Leafs | Gm 2 | April 22, 2025",NHL,Sports,617.0,200194,2018,274,2025-04-23T03:04:51Z,https://youtu.be/YHOJDhBzXWU,Regular
SIDEMEN AMONG US: JAILOR ROLE,MoreSidemen,People & Blogs,3350.0,4539315,145855,5218,2025-04-19T18:15:05Z,https://youtu.be/pTfN28TR-SY,Regular
'He owes me nothing' - Benji hits back at Lachlan Galvin backlash üî• | Wests Tigers Press Conference,Fox League,Sports,517.0,158101,2319,664,2025-04-17T02:55:29Z,https://youtu.be/FGaG_GYC1vI,Regular
The Elder Scrolls 4 Oblivion Remake/Remaster Release Is Imminent - 8 NEW CHANGES You May Not Know,GamingBolt,Gaming,489.0,120870,1514,594,2025-04-21T10:01:08Z,https://youtu.be/iIdw1YHx76w,Regular
24hrs Flying First Class from Australia to England,Trek Trendy,Travel & Events,1302.0,818121,18018,740,2025-04-20T19:00:32Z,https://youtu.be/VIWBXQuMyyc,Regular
"Game 1 Reactions: Lakers BLOWN OUT vs. Wolves, Warriors-Rockets, Clippers-Nuggets | NBA Playoffs",What's Wright? With Nick Wright,Sports,1656.0,135506,2648,1026,2025-04-21T14:56:37Z,https://youtu.be/o68kFXB6X28,Regular
Audience member Max Fox‚Äôs SPONTANEOUS audition gets him a GOLDEN BUZZER! | Auditions | BGT 2025,Britain's Got Talent,Entertainment,825.0,3391006,45254,4939,2025-04-19T19:04:52Z,https://youtu.be/x0O0yTd8L-8,Regular
Baller League Matchday 5 LIVE!,Baller League UK,Sports,21986.0,1001882,10547,449,2025-04-21T22:32:49Z,https://youtu.be/WJMeASO3sps,Regular
Grox Villager Parkour Tournament!,Grox Live,Gaming,358.0,1911136,66581,2169,2025-04-19T21:06:02Z,https://youtu.be/MRypBB6ERo4,Regular
SIDEMEN AIRPORT ROULETTE,Sidemen,Entertainment,7309.0,6985090,211357,6847,2025-04-20T18:00:25Z,https://youtu.be/LrtPBZcwIEM,Regular
WILD COMEBACK üî• Celta Vigo vs. Barcelona | LALIGA Highlights | ESPN FC,ESPN FC,Sports,982.0,811109,11552,2072,2025-04-19T16:40:26Z,https://youtu.be/qjcQpic8r3U,Regular
Doechii - Anxiety (Official Video),IamdoechiiVEVO,Music,252.0,8398912,484324,26906,2025-04-18T15:00:06Z,https://youtu.be/riCP9x31Kuk,Regular
THE GASLIGHT DISTRICT: PILOT,GLITCH,Film & Animation,1615.0,9745715,746306,43869,2025-04-18T22:00:06Z,https://youtu.be/IC8KsZniulw,Regular
Simulating an Ant Colony For 100 Days,TerraGreen,Pets & Animals,569.0,2205479,27863,2141,2025-04-19T12:00:36Z,https://youtu.be/HZtbD074LUY,Regular
Australia Is Taking The P*ss! - Trevor Noah (From Sydney Opera House),Trevor Noah,Comedy,573.0,974407,24475,1261,2025-04-20T12:00:06Z,https://youtu.be/iz7yzETUObY,Regular
EBK Jaaybo - Homebody (Official Music Video),EBK Jaaybo,Music,147.0,834603,31933,3603,2025-04-19T00:00:07Z,https://youtu.be/sI0VDF65Cac,Regular
Stephen A. Smith's NBA Playoffs VERDICT! üçø,NBA on ESPN,Sports,1111.0,488062,5600,1725,2025-04-21T15:09:43Z,https://youtu.be/TaE2vvx4IcQ,Regular
How writers GAS UP Blind Swordsmen.,CalebCity,Comedy,125.0,609667,86218,3187,2025-04-20T02:54:17Z,https://youtu.be/0HeX7NmWmho,Regular
Noah Lyles & Erriyon Knighton ATTACK 400 Meter Dash In Florida || 2025 Tom Jones Invite,Total Running Productions,Sports,275.0,548609,2621,314,2025-04-19T21:28:46Z,https://youtu.be/VX-7ULUrssc,Regular
1st Round: Montreal Canadiens vs. Washington Capitals Game 1 | Full Game Highlights | ESPN NHL,NHL on ESPN,Sports,706.0,43896,562,80,2025-04-22T02:27:55Z,https://youtu.be/irQ6SCGZai0,Regular
"Remontada √©pica. Abajo por 2 goles, el Barcelona gan√≥ 4-3 a Celta de Vigo. Raphinha, h√©roe | La Liga",ESPN Deportes,Sports,850.0,2502349,37308,3781,2025-04-19T16:28:15Z,https://youtu.be/9F7YXjxSzEs,Regular
"#6 TIMBERWOLVES at #3 LAKERS | FULL GAME 1 HIGHLIGHTS | April 19, 2025",NBA,Sports,839.0,2956300,28650,6962,2025-04-20T03:22:07Z,https://youtu.be/9mEhaQQ0C8Y,Regular
HIGHLIGHTS | Real Madrid 1-0 Athletic Club | LaLiga 2024/25,Real Madrid,Sports,189.0,1197401,31545,1250,2025-04-20T22:08:37Z,https://youtu.be/tU3utXf3_3k,Regular
Race Highlights | 2025 Saudi Arabian Grand Prix,FORMULA 1,Sports,492.0,6057115,113376,4773,2025-04-20T19:42:07Z,https://youtu.be/Li93iQDZQeg,Regular
HIM | Official Teaser Trailer,Universal Pictures,Entertainment,105.0,1828227,54185,5712,2025-04-18T15:01:04Z,https://youtu.be/ccmQETThJgs,Regular
Star Wars Zero Company | Official Announce Trailer,EA Star Wars,Gaming,140.0,1268034,32580,3669,2025-04-19T07:31:27Z,https://youtu.be/rcxnRaZ6slU,Regular
Telling My Husband I'm Pregnant,Taylor & Soph,People & Blogs,746.0,268169,9884,623,2025-04-19T16:00:34Z,https://youtu.be/IqEQtrHaeJE,Regular
ÏïÑÏä§Ìä∏Î°ú(ASTRO) - ÍøàÏÜçÏùò Î¨∏(Moon) : Memory of the Moon,ASTRO ÏïÑÏä§Ìä∏Î°ú,Music,340.0,3667425,618375,29202,2025-04-19T09:00:10Z,https://youtu.be/UUFJlUy5aA4,Regular
The Best Things In Life Are Unexpected... WE'RE PREGNANT!,The Cooks,People & Blogs,2923.0,434287,24761,3290,2025-04-18T19:10:53Z,https://youtu.be/_8DA0ZQmSmc,Regular
I transformed an old shipping container into a premium home gym!,Max & Occy,People & Blogs,2039.0,160776,17207,1593,2025-04-20T11:31:05Z,https://youtu.be/t9PN6zBYCf0,Regular
The Fantastic Four: First Steps | Official Trailer | Only in Theaters July 25,Marvel Entertainment,Entertainment,164.0,16811662,444050,34497,2025-04-17T14:00:08Z,https://youtu.be/pAsmrKyMqaA,Regular
Man. United vs. Lyon: Extended Highlights | UEL Quarter-final Leg 2 | CBS Sports Golazo - Europe,CBS Sports Golazo - Europe,Sports,834.0,1709054,27833,5228,2025-04-17T22:13:25Z,https://youtu.be/9OPyZMVBO9o,Regular
Will Oblivion Remastered Release Today?,ESO,Gaming,300.0,249436,6900,1647,2025-04-21T19:20:04Z,https://youtu.be/45WM26xB5Og,Regular
18 LOSSES IN THE PREMIER LEAGUE ü§¨ Tottenham vs Nottingham Forest EXPRESSIONS REACTS,Expressions Oozing,Sports,577.0,152252,5327,785,2025-04-21T21:47:19Z,https://youtu.be/DEHEbKcTu3M,Regular
I Ain't Comin' Back,Morgan Wallen - Topic,Music,176.0,902649,28555,258,2025-04-17T10:00:41Z,https://youtu.be/NCOHOZMRM1Q,Regular
Yeat - The Bell (Real Lyfe Shit),Yeat Music,Music,167.0,1606618,103370,5879,2025-04-18T16:00:01Z,https://youtu.be/0nF3FUwhVOw,Regular
FRESH WEEKüíö | VLOG | MOLLYMAE,MollyMae,People & Blogs,1919.0,568295,14823,902,2025-04-20T19:16:50Z,https://youtu.be/7EVVV1RG114,Regular
"Mozzy, Polo G - WHO WANT WAR (Official Video)",MozzyVEVO,Music,151.0,723783,26454,1073,2025-04-18T17:00:06Z,https://youtu.be/2iYITT3xS5A,Regular
"Tom MacDonald - ""Proud To Be A Problem""",Tom MacDonald,Entertainment,160.0,2713489,70052,6261,2025-04-18T15:59:24Z,https://youtu.be/0BNhuPJDTJg,Regular
"COACHELLA, I'M BACK!",emma chamberlain,Entertainment,1718.0,1082677,54162,1896,2025-04-18T16:03:24Z,https://youtu.be/2vnbxNgHW1Y,Regular
WE'RE PREGNANT | Baby #2!| our reactions & family reactions!,Alyssa & Dallin,Film & Animation,1032.0,218948,6660,365,2025-04-19T13:02:00Z,https://youtu.be/Fwp8xL9PoiI,Regular
Morgan Wallen - I Ain't Comin' Back (feat. Post Malone) (Lyric Video),Morgan Wallen,Music,175.0,751993,21909,2041,2025-04-18T04:00:17Z,https://youtu.be/4eBIUoUVMR4,Regular
Marilyn Manson - In The Air Tonight,Marilyn Manson,Music,302.0,914869,47317,0,2025-04-18T13:59:00Z,https://youtu.be/RmJsk0_Gt5E,Regular
"LFR18 - Round 1, Game 1 - Hell In A Sell - Senators 2, Maple Leafs 6",SteveDangle,Sports,1214.0,102407,5726,894,2025-04-21T06:14:08Z,https://youtu.be/EA-ycjPosV8,Regular
Barcelona 4-3 Celta Vigo | LaLiga 24/25 Match Highlights,beIN SPORTS Thailand,Sports,594.0,1432558,23243,995,2025-04-19T16:40:55Z,https://youtu.be/5_DLmgM7p98,Regular
How To FIND ALL 30 EGG LOCATIONS In DRESS TO IMPRESS! Easter Egg Hunt Event! Roblox,NoobBlox,People & Blogs,406.0,243961,3752,482,2025-04-19T16:15:54Z,https://youtu.be/A6CQjGV-Hgc,Regular
Fully Awakening NEW Gravity Fruit in Blox Fruits,WinterKloudz,Gaming,1292.0,1035100,21668,2922,2025-04-18T21:32:12Z,https://youtu.be/cN5vIVBDyGc,Regular
The Weeknd - Drive (Official Music Video),TheWeekndVEVO,Music,274.0,5992099,182629,6963,2025-04-18T14:00:21Z,https://youtu.be/Fv2Y1odMjvE,Regular
INFLUENCERS PICK MY MAKEUP ROUTINE!,James Charles,Entertainment,1919.0,1207400,41420,2225,2025-04-18T19:21:04Z,https://youtu.be/MIR-Ktf9gno,Regular
HOPSCOTCH,Nettspend,Music,76.0,291236,22543,2855,2025-04-18T23:14:27Z,https://youtu.be/SXnFASFePu0,Regular
I Made Structure Bosses in Minecraft,Kipper,Gaming,1771.0,1202986,2300,64,2025-04-11T15:33:32Z,https://youtu.be/7FD832qdiD4,Regular
Addison Rae - Headphones On (Official Video),AddisonRaeVEVO,Music,270.0,1558733,87954,5538,2025-04-18T04:00:06Z,https://youtu.be/XdFpzaM07i0,Regular
"We Joined the Crumbl Cookie Fandom for 1 month *many sugar, many pain*",More Mia Maples,Howto & Style,1307.0,705124,32918,1462,2025-04-18T18:00:39Z,https://youtu.be/bxlzbJPvwK8,Regular
Superman | Superman Day - Behind The Scenes Look,DC,Film & Animation,138.0,1898509,83499,5618,2025-04-18T16:01:23Z,https://youtu.be/Rq5LyXG8m2U,Regular
Cunha Deal CLOSE! Osimhen NEXT! Man Utd Transfer News,The United Stand,Sports,2910.0,157304,4116,345,2025-04-22T09:52:02Z,https://youtu.be/wGyGdylh91E,Regular
Our Wedding Outfit Reveal!!,Bryton Myler,Entertainment,729.0,961980,15586,2283,2025-04-18T12:45:02Z,https://youtu.be/MfPI3AWgV_0,Regular
FC BARCELONA 4 - 3 RC CELTA  I RESUMEN LALIGA EA SPORTS,LALIGA EA SPORTS,Sports,216.0,5016866,94231,2864,2025-04-19T16:41:39Z,https://youtu.be/JAd4K-Bgde0,Regular
Blox Fruits ALL Changes in Gravity Update,MeEnyu,Gaming,814.0,2071235,36711,5779,2025-04-18T08:19:51Z,https://youtu.be/1Yuiuyqim1U,Regular
Ed Sheeran - Azizam (Official Music Video),Ed Sheeran,Music,208.0,9640673,116420,29317,2025-04-17T16:00:06Z,https://youtu.be/MI9ZpIKgyf0,Regular
Qualifying Highlights | 2025 Saudi Arabian Grand Prix,FORMULA 1,Sports,442.0,4595792,102438,4369,2025-04-19T19:06:01Z,https://youtu.be/lmBm1ATl2m8,Regular
28 YEARS LATER - New Trailer,Sony Pictures Entertainment,Film & Animation,131.0,5458467,164042,12268,2025-04-17T07:01:06Z,https://youtu.be/IYGG55qwQZQ,Regular
"Kenia OS, Anitta - En 4 (Video Oficial)",KeniaOSVEVO,Music,186.0,3112324,209333,28586,2025-04-18T00:00:06Z,https://youtu.be/1wA4YY151do,Regular
The Pottstown Scout Team RETURNS For 2025 With An INSANE New Roster!,CS99TV,Entertainment,1404.0,505097,14786,6670,2025-04-18T00:23:29Z,https://youtu.be/7qMnRmNn3s0,Regular
Jinguchaa - Lyrical | Thug Life | Kamal Haasan | Mani Ratnam | STR | AR Rahman | RKFI | MT | RG,Saregama Tamil,Music,275.0,23931128,204374,6931,2025-04-18T07:02:07Z,https://youtu.be/o9mivPpQlSA,Regular
√Ångela Aguilar - Nadie Se Va Como Lleg√≥ (Video Oficial),Angela Aguilar Oficial,Music,165.0,4697555,99814,37320,2025-04-17T00:00:06Z,https://youtu.be/RUPOZzXyEe8,Regular
"Afterlife (from the Netflix series ""Devil May Cry"") - Official Music Video",Evanescence,Music,262.0,2220751,150360,6080,2025-04-17T16:00:15Z,https://youtu.be/mTduyC2zPXg,Regular
ARGENTINA vs. BRASIL [4-1] | RESUMEN | ELIMINATORIAS SUDAMERICANAS | FECHA 14,CONMEBOL,Sports,609.0,19854967,0,16730,2025-03-26T02:57:42Z,https://youtu.be/s0ab0CdGWMo,Regular
WWE Hall of Fame 2025,WWE,Sports,12053.0,2619867,67713,4053,2025-04-19T08:35:35Z,https://youtu.be/fUPEH9JP7zc,Regular
mgk - Empty Out Your Pockets (Juice WRLD) x Boulevard of Broken Dreams (Green Day),mgk,Music,131.0,1686872,86992,6474,2025-04-16T19:35:48Z,https://youtu.be/8PimtJDcGv4,Regular
I Tested CHEAP vs EXPENSIVE Beauty Products,Hang with Hopescope,Howto & Style,1880.0,1119301,26422,1429,2025-04-17T14:30:03Z,https://youtu.be/0S6PUCm9Vhw,Regular
NEVER. GONNA. STOP üëä | Man Utd v Lyon | Highlights,Manchester United,Sports,120.0,2020116,52835,2020,2025-04-18T23:01:02Z,https://youtu.be/RUVohRXP8v0,Regular
Lana Del Rey - Bluebird (Audio),LanaDelReyVEVO,Music,243.0,878783,84092,6925,2025-04-18T04:00:28Z,https://youtu.be/SzXe0H0pr1s,Regular
Retro Trailer | Suriya | Pooja Hegde | Karthik Subbaraj | Santhosh Narayanan | Latest Tamil Trailer,T-Series Tamil,Music,163.0,21101592,542438,20048,2025-04-18T13:30:34Z,https://youtu.be/ZnH_2I0WoFQ,Regular
Marvel Studios‚Äô Thunderbolts* | Final Trailer | In Theaters May 2,Marvel Entertainment,Entertainment,121.0,6211884,133825,7196,2025-04-16T19:00:01Z,https://youtu.be/-sAOWhvheK8,Regular
I ACTUALLY Got the Stick,elliot,Gaming,519.0,574178,14947,2629,2025-04-17T16:00:04Z,https://youtu.be/iLGDBTNpH6A,Regular
"Cody Rhodes, John Cena Meet Face to Face | FULL SEGMENT | WWE SmackDown Highlights 4/18/25 | WWE USA",WWE on USA,Sports,793.0,692294,19308,3978,2025-04-19T03:07:10Z,https://youtu.be/Ff4GCqGUeug,Regular
Khlo√© Kardashian: I‚Äôm Done with NBA Players (Full Episode),Call Her Daddy,Entertainment,4503.0,2363561,48263,4661,2025-04-16T09:00:50Z,https://youtu.be/ZDXuBb_iUes,Regular
She Will,Lil Wayne - Topic,Music,308.0,1578235,24539,2032,2025-04-16T04:03:10Z,https://youtu.be/v_5qP1YukCA,Regular
"AWAY DAYS LIKE THESE ü§© | Ipswich Town vs Arsenal (0-4) | Trossard x2, Martinelli, Nwaneri | EPL",Arsenal,Sports,120.0,1333143,23067,922,2025-04-20T21:00:08Z,https://youtu.be/Bi3G1lC51Po,Regular
JENNIE - like JENNIE - Live at Coachella 2025,Coachella,Music,188.0,7831150,249391,7826,2025-04-16T20:59:08Z,https://youtu.be/cdeKX7cs-r0,Regular
RNB.FOEMOB - Texas [Official Music Video],RNB.FOEMOB,Music,153.0,512881,22261,1410,2025-04-16T19:00:28Z,https://youtu.be/5N-ZTMlHkls,Regular
60 Things AMP Can‚Äôt Live Without | 10 Essentials,GQ,Entertainment,1698.0,2264368,74167,2442,2025-04-16T16:00:14Z,https://youtu.be/d1Lx1Fjyk3Q,Regular
"""World's Angriest Sunday League Coach!"" | WE ARE YANITED #22",angryginge13,Sports,2131.0,508643,14652,879,2025-04-19T11:00:10Z,https://youtu.be/6gPfI4pIuCY,Regular
I Tracked Down The Baby Born Next To Me...30 Years Later,Max Fosh,Comedy,723.0,1334851,86869,2469,2025-04-17T17:39:14Z,https://youtu.be/lwiuCTdB7nw,Regular
Real Madrid vs. Arsenal: Extended Highlights | UCL Quarter-final Leg 2 | CBS Sports Golazo,CBS Sports Golazo,Sports,672.0,1240476,14700,2540,2025-04-16T21:53:05Z,https://youtu.be/hEZDGBlptss,Regular
Meri Brown Tells All: Where She Stands With Kody and The Other Wives,Tamron Hall Show,Entertainment,561.0,373416,5668,544,2025-04-16T21:30:08Z,https://youtu.be/lk64TxXDrqw,Regular
